0.0, -0.000251256
5e-08, -0.00113065
1e-07, 0.00113065
1.5e-07, 0.000879397
2e-07, -0.000879397
2.5e-07, 0.000628141
3e-07, 0.000125628
3.5e-07, -0.000125628
4e-07, 0.000125628
4.5e-07, -0.000376884
5e-07, -0.000125628
5.5e-07, -0.00188442
6e-07, 0.000628141
6.499999999999999e-07, 0.000879397
7e-07, 0.00100503
7.5e-07, -0.000502513
8e-07, 0.00326633
8.499999999999999e-07, 0.000879397
9e-07, -0.000125628
9.5e-07, -0.000125628
1e-06, 0.00201005
1.05e-06, -0.000879397
1.1e-06, 0.00163317
1.15e-06, 0.000753769
1.2e-06, 0.00138191
1.2499999999999999e-06, 0.0
1.2999999999999998e-06, -0.00201005
1.35e-06, -0.000628141
1.4e-06, 0.00251256
1.4499999999999999e-06, 0.00138191
1.5e-06, 0.000879397
1.55e-06, 0.000628141
1.6e-06, -0.000376884
1.6499999999999999e-06, 0.000753769
1.6999999999999998e-06, 0.00276382
1.75e-06, 0.00125628
1.8e-06, 0.00439698
1.8499999999999999e-06, 0.00213568
1.9e-06, 0.00188442
1.95e-06, 0.000753769
2e-06, 0.00389447
2.05e-06, 0.000376884
2.1e-06, 0.000125628
2.1499999999999997e-06, 0.000879397
2.2e-06, 0.000628141
2.25e-06, 0.000502513
2.3e-06, -0.00138191
2.35e-06, 0.000251256
2.4e-06, 0.00238693
2.45e-06, 0.0031407
2.4999999999999998e-06, 0.00163317
2.5499999999999997e-06, 0.000376884
2.5999999999999997e-06, 0.00251256
2.65e-06, -0.000125628
2.7e-06, 0.000753769
2.75e-06, -0.00100503
2.8e-06, -0.00113065
2.85e-06, 0.000376884
2.8999999999999998e-06, -0.000376884
2.9499999999999997e-06, 0.00100503
3e-06, 0.00163317
3.05e-06, 0.000753769
3.1e-06, 0.000879397
3.15e-06, -0.00175879
3.2e-06, 0.00163317
3.25e-06, 0.00150754
3.2999999999999997e-06, 0.00138191
3.3499999999999997e-06, 0.000251256
3.3999999999999996e-06, 0.00163317
3.45e-06, 0.00201005
3.5e-06, 0.000879397
3.55e-06, -0.000628141
3.6e-06, -0.00100503
3.6499999999999998e-06, 0.000376884
3.6999999999999997e-06, -0.00138191
3.7499999999999997e-06, 0.000628141
3.8e-06, 0.000251256
3.8499999999999996e-06, 0.0
3.9e-06, 0.000125628
3.9499999999999995e-06, -0.000251256
4e-06, 0.00150754
4.05e-06, 0.000879397
4.1e-06, -0.000753769
4.15e-06, 0.00175879
4.2e-06, 0.000879397
4.25e-06, -0.00150754
4.2999999999999995e-06, 0.000125628
4.35e-06, -0.00138191
4.4e-06, 0.000753769
4.45e-06, 0.000376884
4.5e-06, 0.0
4.55e-06, 0.00113065
4.6e-06, -0.000251256
4.6499999999999995e-06, 0.000251256
4.7e-06, -0.000628141
4.749999999999999e-06, -0.000628141
4.8e-06, -0.000376884
4.85e-06, -0.000376884
4.9e-06, 0.00175879
4.95e-06, 0.00138191
4.9999999999999996e-06, -0.00238693
5.05e-06, 0.00125628
5.0999999999999995e-06, 0.00188442
5.15e-06, 0.00113065
5.199999999999999e-06, 0.00175879
5.25e-06, 0.00464824
5.3e-06, -0.00150754
5.35e-06, 0.0031407
5.4e-06, 0.00201005
5.4499999999999995e-06, 0.00238693
5.5e-06, 0.000753769
5.549999999999999e-06, 0.000502513
5.6e-06, 0.00201005
5.65e-06, -0.00238693
5.7e-06, -0.00113065
5.75e-06, 0.00238693
5.7999999999999995e-06, 0.00113065
5.85e-06, 0.000125628
5.899999999999999e-06, -0.00138191
5.95e-06, 0.00238693
6e-06, 0.00175879
6.05e-06, 0.000628141
6.1e-06, 0.000251256
6.1499999999999996e-06, 0.00263819
6.2e-06, 0.00113065
6.2499999999999995e-06, -0.000125628
6.3e-06, 0.000376884
6.349999999999999e-06, 0.00201005
6.4e-06, 0.00213568
6.45e-06, 0.000251256
6.5e-06, 0.000376884
6.55e-06, 0.000502513
6.5999999999999995e-06, 0.000125628
6.65e-06, -0.000125628
6.699999999999999e-06, 0.00238693
6.75e-06, -0.00100503
6.799999999999999e-06, 0.00100503
6.85e-06, -0.00163317
6.9e-06, -0.000125628
6.9499999999999995e-06, -0.000753769
7e-06, -0.00150754
7.049999999999999e-06, 0.000125628
7.1e-06, 0.00251256
7.149999999999999e-06, -0.00201005
7.2e-06, 0.000628141
7.25e-06, 0.000125628
7.2999999999999996e-06, -0.000251256
7.35e-06, 0.000879397
7.3999999999999995e-06, 0.00163317
7.45e-06, 0.00113065
7.499999999999999e-06, 0.00339196
7.55e-06, 0.000628141
7.6e-06, 0.000376884
7.65e-06, 0.00138191
7.699999999999999e-06, -0.000376884
7.75e-06, -0.000376884
7.8e-06, 0.00113065
7.85e-06, 0.00113065
7.899999999999999e-06, 0.00125628
7.95e-06, 0.000879397
8e-06, -0.000879397
8.05e-06, -0.00150754
8.1e-06, 0.0
8.15e-06, -0.000376884
8.2e-06, 0.000628141
8.249999999999999e-06, 0.00125628
8.3e-06, 0.00238693
8.35e-06, 0.000753769
8.4e-06, 0.00125628
8.45e-06, -0.000125628
8.5e-06, 0.0
8.55e-06, 0.00138191
8.599999999999999e-06, 0.00125628
8.65e-06, 0.00188442
8.7e-06, -0.000125628
8.75e-06, -0.000628141
8.8e-06, 0.00150754
8.85e-06, -0.000125628
8.9e-06, 0.00113065
8.949999999999999e-06, 0.00100503
9e-06, 0.00263819
9.05e-06, -0.000376884
9.1e-06, 0.00150754
9.149999999999999e-06, -0.00100503
9.2e-06, -0.00326633
9.25e-06, 0.000753769
9.299999999999999e-06, -0.00138191
9.35e-06, -0.00263819
9.4e-06, 0.000879397
9.45e-06, -0.00113065
9.499999999999999e-06, -0.00138191
9.55e-06, 0.000376884
9.6e-06, -0.000125628
9.649999999999999e-06, 0.00163317
9.7e-06, 0.00226131
9.75e-06, 0.000376884
9.8e-06, 0.000628141
9.849999999999999e-06, 0.00113065
9.9e-06, 0.00138191
9.95e-06, 0.000628141
9.999999999999999e-06, -0.000628141
1.005e-05, 0.000251256
1.01e-05, 0.00175879
1.015e-05, 0.00125628
1.0199999999999999e-05, 0.000125628
1.025e-05, 0.000753769
1.03e-05, -0.00100503
1.035e-05, -0.000125628
1.0399999999999999e-05, 0.000628141
1.045e-05, 0.0
1.05e-05, -0.00138191
1.0549999999999999e-05, -0.000502513
1.06e-05, 0.000879397
1.065e-05, 0.00188442
1.07e-05, 0.00326633
1.0749999999999999e-05, -0.000628141
1.08e-05, -0.00150754
1.085e-05, 0.000502513
1.0899999999999999e-05, -0.000125628
1.095e-05, -0.000376884
1.1e-05, 0.000125628
1.105e-05, 0.0
1.1099999999999999e-05, 0.00188442
1.115e-05, 0.00251256
1.12e-05, -0.000753769
1.1249999999999999e-05, 0.0
1.13e-05, 0.00226131
1.135e-05, 0.00226131
1.14e-05, 0.0129397
1.1449999999999999e-05, 0.035804
1.15e-05, 0.0516332
1.155e-05, 0.0611809
1.1599999999999999e-05, 0.0683417
1.165e-05, 0.070603
1.17e-05, 0.0605528
1.175e-05, 0.0398241
1.1799999999999999e-05, -0.00766332
1.185e-05, -0.0511307
1.19e-05, -0.0680905
1.1949999999999999e-05, -0.0775126
1.2e-05, -0.0876884
1.205e-05, -0.103392
1.21e-05, -0.107789
1.2149999999999999e-05, -0.0927136
1.22e-05, -0.0653266
1.225e-05, -0.028392
1.2299999999999999e-05, 0.0173367
1.2349999999999999e-05, 0.0595477
1.24e-05, 0.0797739
1.245e-05, 0.0840452
1.2499999999999999e-05, 0.0928392
1.255e-05, 0.0909548
1.26e-05, 0.0781407
1.265e-05, 0.054397
1.2699999999999999e-05, 0.0232412
1.275e-05, -0.00477387
1.28e-05, -0.0198492
1.2849999999999999e-05, -0.0341709
1.29e-05, -0.0502513
1.295e-05, -0.0606784
1.3e-05, -0.0657035
1.3049999999999999e-05, -0.0585427
1.31e-05, -0.0384422
1.315e-05, -0.0234925
1.3199999999999999e-05, -0.00879397
1.325e-05, 0.00276382
1.33e-05, 0.00879397
1.335e-05, 0.0110553
1.3399999999999999e-05, 0.016206
1.345e-05, 0.0204774
1.35e-05, 0.0178392
1.3549999999999999e-05, 0.0104271
1.3599999999999999e-05, 0.00339196
1.365e-05, 0.0
1.37e-05, -0.00150754
1.3749999999999999e-05, -0.00389447
1.38e-05, 0.00213568
1.385e-05, 0.00565327
1.3899999999999999e-05, 0.00628141
1.3949999999999999e-05, 0.00829146
1.4e-05, 0.00540201
1.405e-05, 0.00615578
1.4099999999999999e-05, 0.00326633
1.415e-05, 0.000251256
1.42e-05, -0.00113065
1.4249999999999999e-05, -0.00540201
1.4299999999999999e-05, -0.00640704
1.435e-05, -0.00565327
1.44e-05, -0.0031407
1.4449999999999999e-05, -0.00138191
1.45e-05, 0.000879397
1.455e-05, 0.00326633
1.4599999999999999e-05, 0.00791457
1.4649999999999999e-05, 0.0104271
1.47e-05, 0.014196
1.475e-05, 0.0111809
1.4799999999999999e-05, 0.0129397
1.485e-05, 0.00766332
1.49e-05, 0.0071608
1.495e-05, 0.00238693
1.4999999999999999e-05, -0.000753769
1.505e-05, -0.00427136
1.51e-05, -0.00477387
1.5149999999999999e-05, -0.0040201
1.52e-05, -0.00565327
1.525e-05, -0.0048995
1.53e-05, -0.00389447
1.535e-05, 0.00100503
1.5399999999999998e-05, 0.00188442
1.545e-05, 0.00439698
1.55e-05, 0.00288945
1.555e-05, 0.00515075
1.56e-05, 0.00452261
1.565e-05, 0.000251256
1.57e-05, 0.000628141
1.575e-05, 0.0
1.5799999999999998e-05, 0.000376884
1.585e-05, -0.000251256
1.59e-05, -0.00238693
1.5949999999999998e-05, -0.00150754
1.6e-05, -0.00175879
1.605e-05, -0.000628141
1.61e-05, -0.00213568
1.615e-05, 0.000376884
1.62e-05, -0.00175879
1.625e-05, -0.00175879
1.63e-05, -0.000502513
1.6349999999999998e-05, -0.00175879
1.64e-05, 0.0
1.645e-05, -0.00150754
1.6499999999999998e-05, -0.000753769
1.655e-05, 0.000879397
1.66e-05, 0.00376884
1.6649999999999998e-05, 0.00226131
1.67e-05, 0.0040201
1.675e-05, 0.00213568
1.68e-05, 0.00163317
1.685e-05, 0.00276382
1.69e-05, 0.00138191
1.695e-05, 0.00150754
1.7e-05, 0.00427136
1.7049999999999998e-05, 0.00213568
1.71e-05, 0.00288945
1.715e-05, 0.00389447
1.7199999999999998e-05, 0.00238693
1.725e-05, -0.000376884
1.73e-05, 0.00163317
1.7349999999999998e-05, 0.00213568
1.74e-05, 0.000125628
1.745e-05, -0.000125628
1.75e-05, 0.00238693
1.755e-05, 0.000879397
1.76e-05, 0.000879397
1.765e-05, 0.00125628
1.77e-05, 0.00326633
1.7749999999999998e-05, 0.0031407
1.78e-05, 0.00226131
1.785e-05, -0.000125628
1.7899999999999998e-05, 0.000753769
1.795e-05, 0.00351759
1.8e-05, 0.00502513
1.8049999999999998e-05, 0.00364322
1.81e-05, 0.00263819
1.815e-05, 0.00452261
1.82e-05, 0.000502513
1.825e-05, 0.00138191
1.8299999999999998e-05, 0.00276382
1.835e-05, 0.00163317
1.84e-05, -0.00238693
1.8449999999999998e-05, -0.000251256
1.85e-05, -0.00113065
1.855e-05, 0.000628141
1.8599999999999998e-05, 0.000125628
1.865e-05, 0.000502513
1.87e-05, 0.000879397
1.875e-05, 0.000879397
1.88e-05, 0.00188442
1.885e-05, 0.000879397
1.89e-05, 0.00138191
1.895e-05, 0.00288945
1.8999999999999998e-05, 0.000628141
1.905e-05, 0.00175879
1.91e-05, -0.000251256
1.9149999999999998e-05, -0.000753769
1.92e-05, 0.00150754
1.925e-05, 0.000376884
1.9299999999999998e-05, 0.0
1.935e-05, -0.00113065
1.94e-05, 0.00188442
1.945e-05, 0.00213568
1.95e-05, -0.00100503
1.9549999999999997e-05, 0.00150754
1.96e-05, 0.0040201
1.965e-05, 0.00201005
1.9699999999999998e-05, 0.00125628
1.975e-05, 0.000628141
1.98e-05, -0.000753769
1.9849999999999998e-05, -0.00138191
1.99e-05, 0.0
1.995e-05, 0.000376884
1.9999999999999998e-05, -0.00138191
2.005e-05, 0.000251256
2.01e-05, -0.000879397
2.015e-05, 0.000753769
2.02e-05, 0.000251256
2.0249999999999998e-05, 0.00201005
2.03e-05, 0.00163317
2.035e-05, -0.000628141
2.0399999999999998e-05, 0.000125628
2.045e-05, -0.000376884
2.05e-05, -0.000628141
2.0549999999999998e-05, -0.00125628
2.06e-05, -0.00113065
2.065e-05, -0.000251256
2.07e-05, -0.00201005
2.075e-05, -0.00213568
2.0799999999999997e-05, 0.000628141
2.085e-05, -0.00175879
2.09e-05, 0.00125628
2.0949999999999998e-05, -0.000125628
2.1e-05, 0.000879397
2.105e-05, 0.000628141
2.1099999999999998e-05, 0.00201005
2.115e-05, 0.00251256
2.12e-05, 0.00163317
2.1249999999999998e-05, 0.0031407
2.13e-05, 0.00163317
2.135e-05, 0.00364322
2.14e-05, 0.00125628
2.145e-05, 0.00175879
2.1499999999999997e-05, 0.000628141
2.155e-05, 0.000753769
2.16e-05, 0.00150754
2.1649999999999998e-05, -0.00188442
2.17e-05, -0.00113065
2.175e-05, -0.000879397
2.1799999999999998e-05, -0.00351759
2.185e-05, -0.00150754
2.19e-05, 0.00389447
2.1949999999999998e-05, 0.0
2.2e-05, 0.000251256
2.205e-05, 0.00125628
2.21e-05, -0.000376884
2.215e-05, -0.000502513
2.2199999999999998e-05, -0.000879397
2.225e-05, 0.0
2.23e-05, 0.00251256
2.2349999999999998e-05, 0.00201005
2.24e-05, 0.00201005
2.245e-05, 0.00138191
2.2499999999999998e-05, 0.00175879
2.255e-05, -0.000251256
2.26e-05, -0.00201005
2.2649999999999998e-05, 0.0
2.27e-05, 0.000628141
2.2749999999999997e-05, 0.00188442
2.28e-05, 0.00125628
2.285e-05, 0.0
2.2899999999999998e-05, 0.0
2.295e-05, 0.00226131
2.3e-05, 0.00226131
2.3049999999999998e-05, 0.00678392
2.31e-05, 0.00665829
2.315e-05, 0.0071608
2.3199999999999998e-05, 0.00527638
2.325e-05, 0.00590452
2.33e-05, 0.00527638
2.335e-05, 0.00427136
2.34e-05, 0.00288945
2.3449999999999997e-05, 0.00251256
2.35e-05, 0.00251256
2.355e-05, 0.000879397
2.3599999999999998e-05, -0.000125628
2.365e-05, -0.000879397
2.37e-05, -0.00175879
2.3749999999999998e-05, -0.0031407
2.38e-05, -0.00477387
2.385e-05, -0.00678392
2.3899999999999998e-05, -0.00640704
2.395e-05, -0.0071608
2.4e-05, -0.0109296
2.405e-05, -0.0104271
2.41e-05, -0.009799
2.4149999999999997e-05, -0.00992462
2.42e-05, -0.00741206
2.425e-05, -0.00653266
2.4299999999999998e-05, -0.00351759
2.435e-05, -0.00301508
2.44e-05, -0.00439698
2.4449999999999998e-05, -0.00276382
2.45e-05, -0.00263819
2.455e-05, -0.00188442
2.4599999999999998e-05, -0.00100503
2.465e-05, -0.000753769
2.4699999999999997e-05, -0.000125628
2.475e-05, 0.000502513
2.48e-05, 0.000628141
2.4849999999999998e-05, 0.00175879
2.49e-05, 0.00226131
2.495e-05, 0.00226131
2.4999999999999998e-05, 0.0040201
2.505e-05, 0.00288945
2.51e-05, 0.00188442
2.5149999999999998e-05, -0.000125628
2.52e-05, 0.000628141
2.525e-05, 0.0
2.53e-05, 0.00339196
2.535e-05, 0.000125628
2.5399999999999997e-05, -0.00288945
2.545e-05, -0.00389447
2.55e-05, -0.00351759
2.5549999999999998e-05, -0.00414573
2.56e-05, -0.00439698
2.565e-05, -0.0040201
2.5699999999999998e-05, -0.00464824
2.575e-05, -0.00376884
2.58e-05, -0.00640704
2.5849999999999998e-05, -0.00603015
2.59e-05, -0.00188442
2.5949999999999997e-05, -0.00213568
2.6e-05, -0.00226131
2.605e-05, 0.000502513
2.6099999999999997e-05, -0.000125628
2.615e-05, 0.000125628
2.62e-05, 0.00150754
2.6249999999999998e-05, 0.00213568
2.63e-05, 0.00263819
2.635e-05, 0.00125628
2.6399999999999998e-05, 0.000502513
2.645e-05, 0.00163317
2.65e-05, -0.000251256
2.6549999999999998e-05, 0.00125628
2.66e-05, 0.00113065
2.6649999999999997e-05, 0.00339196
2.67e-05, 0.00188442
2.675e-05, 0.0040201
2.6799999999999998e-05, 0.00540201
2.685e-05, 0.00276382
2.69e-05, 0.000628141
2.6949999999999998e-05, 0.000753769
2.7e-05, 0.000753769
2.705e-05, 0.000879397
2.7099999999999998e-05, 0.00201005
2.715e-05, -0.000251256
2.7199999999999997e-05, 0.00251256
2.7249999999999998e-05, 0.00138191
2.73e-05, 0.00213568
2.7349999999999997e-05, 0.00150754
2.74e-05, 0.000376884
2.745e-05, 0.00100503
2.7499999999999998e-05, 0.00100503
2.755e-05, 0.00226131
2.76e-05, 0.00376884
2.7649999999999998e-05, 0.0031407
2.77e-05, 0.00188442
2.775e-05, 0.00251256
2.7799999999999998e-05, 0.000753769
2.785e-05, 0.00238693
2.7899999999999997e-05, 0.00351759
2.795e-05, 0.0040201
2.8e-05, 0.00238693
2.8049999999999997e-05, 0.00150754
2.81e-05, 0.00326633
2.815e-05, 0.00125628
2.8199999999999998e-05, 0.00326633
2.825e-05, 0.000251256
2.83e-05, -0.000376884
2.8349999999999998e-05, 0.000753769
2.84e-05, 0.00175879
2.845e-05, 0.00213568
2.8499999999999998e-05, 0.00188442
2.855e-05, 0.00414573
2.8599999999999997e-05, 0.00276382
2.865e-05, 0.000879397
2.87e-05, -0.00100503
2.8749999999999997e-05, -0.00163317
2.88e-05, -0.00351759
2.885e-05, -0.00263819
2.8899999999999998e-05, -0.00238693
2.895e-05, -0.00163317
2.9e-05, -0.00389447
2.9049999999999998e-05, -0.00213568
2.91e-05, -0.000125628
2.9149999999999997e-05, 0.00226131
2.9199999999999998e-05, -0.000628141
2.925e-05, -0.00175879
2.9299999999999997e-05, -0.00238693
2.935e-05, -0.00125628
2.94e-05, 0.00125628
2.9449999999999998e-05, 0.0031407
2.95e-05, 0.00276382
2.955e-05, 0.00351759
2.9599999999999998e-05, 0.000628141
2.965e-05, 0.00175879
2.97e-05, 0.00201005
2.9749999999999998e-05, 0.00464824
2.98e-05, 0.00527638
2.9849999999999997e-05, 0.00376884
2.99e-05, 0.00339196
2.995e-05, 0.00301508
2.9999999999999997e-05, 0.00301508
3.005e-05, 0.00339196
3.01e-05, 0.00251256
3.0149999999999998e-05, 0.00226131
3.02e-05, 0.00188442
3.025e-05, -0.00150754
3.0299999999999998e-05, 0.000502513
3.035e-05, 0.00351759
3.04e-05, 0.00414573
3.0449999999999998e-05, 0.00427136
3.05e-05, 0.00125628
3.055e-05, 0.00150754
3.06e-05, 0.00339196
3.065e-05, 0.000879397
3.07e-05, 0.000125628
3.0749999999999995e-05, 0.00213568
3.0799999999999996e-05, 0.00150754
3.085e-05, 0.00188442
3.09e-05, -0.000879397
3.095e-05, 0.000753769
3.1e-05, 0.00163317
3.1049999999999996e-05, 0.000628141
3.11e-05, 0.000376884
3.115e-05, -0.00113065
3.12e-05, -0.000628141
3.125e-05, -0.00125628
3.13e-05, -0.00150754
3.1349999999999996e-05, -0.00389447
3.14e-05, 0.000251256
3.145e-05, 0.000502513
3.15e-05, -0.00100503
3.155e-05, -0.00201005
3.1599999999999996e-05, -0.00163317
3.165e-05, -0.00113065
3.17e-05, -0.000502513
3.175e-05, -0.000502513
3.18e-05, 0.00201005
3.185e-05, 0.000879397
3.1899999999999996e-05, 0.00100503
3.195e-05, 0.0031407
3.2e-05, 0.000628141
3.205e-05, -0.000251256
3.21e-05, -0.000502513
3.2149999999999995e-05, -0.00188442
3.22e-05, -0.00175879
3.225e-05, -0.000753769
3.23e-05, 0.00113065
3.235e-05, -0.000376884
3.24e-05, 0.000628141
3.2449999999999996e-05, 0.00188442
3.25e-05, -0.000502513
3.255e-05, -0.000251256
3.26e-05, 0.00527638
3.265e-05, 0.00288945
3.2699999999999995e-05, 0.00226131
3.2749999999999996e-05, 0.000879397
3.28e-05, 0.00201005
3.285e-05, 0.000753769
3.29e-05, 0.00100503
3.295e-05, 0.00351759
3.2999999999999996e-05, 0.00201005
3.305e-05, 0.00188442
3.31e-05, 0.00364322
3.315e-05, 0.00238693
3.32e-05, 0.00213568
3.325e-05, 0.00288945
3.3299999999999996e-05, 0.00226131
3.335e-05, 0.000251256
3.34e-05, -0.000502513
3.345e-05, -0.00150754
3.35e-05, 0.00125628
3.3549999999999996e-05, 0.00213568
3.36e-05, 0.00100503
3.365e-05, 0.00238693
3.37e-05, 0.00113065
3.375e-05, -0.00376884
3.38e-05, -0.00816583
3.3849999999999996e-05, -0.00917085
3.39e-05, -0.0148241
3.395e-05, -0.0123116
3.4e-05, -0.00741206
3.405e-05, 0.00201005
3.4099999999999995e-05, 0.0115578
3.4149999999999997e-05, 0.0244975
3.42e-05, 0.0311558
3.425e-05, 0.0332915
3.43e-05, 0.0288945
3.435e-05, 0.0217337
3.4399999999999996e-05, 0.0144472
3.445e-05, 0.00339196
3.45e-05, -0.00841709
3.455e-05, -0.021608
3.46e-05, -0.0324121
3.4649999999999995e-05, -0.0386935
3.4699999999999996e-05, -0.0449749
3.475e-05, -0.046608
3.48e-05, -0.0393216
3.485e-05, -0.0296482
3.49e-05, -0.0202261
3.4949999999999996e-05, -0.00728643
3.5e-05, 0.00954774
3.505e-05, 0.0221106
3.51e-05, 0.0307789
3.515e-05, 0.0342965
3.52e-05, 0.0295226
3.5249999999999996e-05, 0.0291457
3.53e-05, 0.0252513
3.535e-05, 0.0226131
3.54e-05, 0.0155779
3.545e-05, 0.00992462
3.5499999999999996e-05, -0.00113065
3.555e-05, -0.0113065
3.56e-05, -0.0174623
3.565e-05, -0.021608
3.57e-05, -0.0251256
3.575e-05, -0.0222362
3.5799999999999996e-05, -0.0194724
3.585e-05, -0.016206
3.59e-05, -0.00917085
3.595e-05, -0.00288945
3.6e-05, 0.00113065
3.6049999999999995e-05, 0.00728643
3.6099999999999997e-05, 0.0136935
3.615e-05, 0.0160804
3.62e-05, 0.020603
3.625e-05, 0.0255025
3.63e-05, 0.0232412
3.6349999999999996e-05, 0.0203518
3.64e-05, 0.0169598
3.645e-05, 0.0109296
3.65e-05, 0.00502513
3.655e-05, 0.00150754
3.6599999999999995e-05, -0.00201005
3.6649999999999996e-05, -0.00816583
3.67e-05, -0.00904523
3.675e-05, -0.0114322
3.68e-05, -0.0133166
3.685e-05, -0.0113065
3.6899999999999996e-05, -0.00942211
3.695e-05, -0.00741206
3.7e-05, -0.000879397
3.705e-05, 0.000753769
3.71e-05, 0.00414573
3.7149999999999995e-05, 0.00552764
3.7199999999999996e-05, 0.00778894
3.725e-05, 0.0110553
3.73e-05, 0.00741206
3.735e-05, 0.0080402
3.74e-05, 0.00540201
3.7449999999999995e-05, 0.00364322
3.75e-05, 0.00339196
3.755e-05, -0.0031407
3.76e-05, -0.00452261
3.765e-05, -0.00339196
3.77e-05, -0.00615578
3.7749999999999996e-05, -0.00540201
3.78e-05, -0.00640704
3.785e-05, -0.00502513
3.79e-05, -0.00364322
3.795e-05, -0.00301508
3.7999999999999995e-05, -0.000753769
3.8049999999999997e-05, 0.000125628
3.81e-05, 0.00113065
3.815e-05, 0.00188442
3.82e-05, 0.000753769
3.825e-05, 0.00263819
3.8299999999999996e-05, 0.0040201
3.835e-05, 0.00351759
3.84e-05, 0.00389447
3.845e-05, 0.0040201
3.85e-05, 0.00364322
3.8549999999999995e-05, 0.00150754
3.8599999999999996e-05, 0.00201005
3.865e-05, 0.00201005
3.87e-05, 0.00251256
3.875e-05, 0.000502513
3.88e-05, 0.000753769
3.8849999999999996e-05, -0.00150754
3.89e-05, -0.000628141
3.895e-05, -0.000125628
3.9e-05, -0.00150754
3.905e-05, -0.000251256
3.9099999999999995e-05, -0.00276382
3.9149999999999996e-05, 0.00100503
3.92e-05, 0.00452261
3.925e-05, 0.00326633
3.93e-05, 0.00527638
3.935e-05, 0.0048995
3.9399999999999995e-05, 0.000251256
3.945e-05, -0.000502513
3.95e-05, 0.000879397
3.955e-05, -0.000376884
3.96e-05, -0.00414573
3.965e-05, -0.00213568
3.9699999999999996e-05, -0.00175879
3.975e-05, -0.0048995
3.98e-05, -0.00603015
3.985e-05, -0.00477387
3.99e-05, -0.00439698
3.9949999999999995e-05, -0.0031407
3.9999999999999996e-05, -0.00213568
4.005e-05, 0.000125628
4.01e-05, 0.000376884
4.015e-05, 0.00276382
4.02e-05, 0.0031407
4.0249999999999996e-05, 0.0031407
4.03e-05, 0.0040201
4.035e-05, 0.00427136
4.04e-05, 0.00577889
4.045e-05, 0.00452261
4.0499999999999995e-05, 0.00351759
4.0549999999999996e-05, 0.00376884
4.06e-05, 0.00100503
4.065e-05, 0.000628141
4.07e-05, 0.000376884
4.075e-05, 0.00175879
4.0799999999999996e-05, -0.000879397
4.085e-05, -0.00150754
4.09e-05, -0.00376884
4.095e-05, -0.00276382
4.1e-05, -0.00301508
4.1049999999999995e-05, 0.000628141
4.1099999999999996e-05, 0.00175879
4.115e-05, 0.000376884
4.12e-05, -0.00100503
4.125e-05, 0.000376884
4.13e-05, 0.000502513
4.1349999999999995e-05, 0.000753769
4.14e-05, 0.00113065
4.145e-05, -0.000125628
4.15e-05, 0.00175879
4.155e-05, 0.00125628
4.1599999999999995e-05, 0.00150754
4.1649999999999996e-05, 0.00213568
4.17e-05, 0.00288945
4.175e-05, 0.00150754
4.18e-05, 0.000753769
4.185e-05, 0.00376884
4.1899999999999995e-05, 0.00251256
4.1949999999999996e-05, 0.00100503
4.2e-05, 0.00301508
4.205e-05, 0.000376884
4.21e-05, -0.000251256
4.215e-05, 0.000251256
4.2199999999999996e-05, -0.00301508
4.225e-05, -0.00288945
4.23e-05, -0.00301508
4.235e-05, -0.00226131
4.24e-05, 0.000502513
4.2449999999999995e-05, 0.000753769
4.2499999999999996e-05, -0.00263819
4.255e-05, -0.00175879
4.26e-05, -0.00125628
4.265e-05, -0.00125628
4.27e-05, 0.00163317
4.2749999999999996e-05, 0.0
4.28e-05, -0.00138191
4.285e-05, -0.00100503
4.29e-05, -0.00138191
4.295e-05, -0.00163317
4.2999999999999995e-05, 0.00364322
4.3049999999999996e-05, 0.000376884
4.31e-05, 0.000879397
4.315e-05, 0.000753769
4.32e-05, -0.000125628
4.325e-05, 0.00201005
4.3299999999999995e-05, 0.000376884
4.3349999999999997e-05, 0.00113065
4.34e-05, 0.00326633
4.345e-05, 0.00163317
4.35e-05, 0.00163317
4.3549999999999995e-05, 0.0
4.3599999999999996e-05, 0.00301508
4.365e-05, 0.0
4.37e-05, 0.00100503
4.375e-05, 0.00150754
4.38e-05, 0.000879397
4.3849999999999995e-05, 0.00113065
4.3899999999999996e-05, 0.00364322
4.395e-05, 0.0
4.4e-05, 0.00113065
4.405e-05, 0.00201005
4.41e-05, -0.0031407
4.4149999999999996e-05, 0.00150754
4.42e-05, 0.000879397
4.425e-05, 0.00163317
4.43e-05, 0.00251256
4.435e-05, 0.00125628
4.4399999999999995e-05, 0.00113065
4.4449999999999996e-05, 0.00188442
4.45e-05, -0.000753769
4.455e-05, 0.00238693
4.46e-05, 0.000628141
4.465e-05, 0.00226131
4.4699999999999996e-05, -0.00276382
4.475e-05, -0.000376884
4.48e-05, 0.00150754
4.485e-05, 0.00364322
4.49e-05, 0.00251256
4.4949999999999995e-05, 0.00125628
4.4999999999999996e-05, 0.00251256
4.505e-05, 0.00226131
4.51e-05, 0.00276382
4.515e-05, 0.000376884
4.52e-05, 0.00201005
4.5249999999999995e-05, 0.00238693
4.5299999999999997e-05, 0.000251256
4.535e-05, 0.00251256
4.54e-05, 0.00201005
4.545e-05, 0.00138191
4.5499999999999995e-05, 0.00188442
4.5549999999999996e-05, 0.00201005
4.56e-05, 0.00238693
4.565e-05, 0.00150754
4.57e-05, 0.00439698
4.575e-05, 0.00100503
4.5799999999999995e-05, 0.00251256
4.5849999999999996e-05, 0.00263819
4.59e-05, 0.000628141
4.595e-05, -0.000125628
4.6e-05, 0.00175879
4.605e-05, 0.00226131
4.6099999999999996e-05, 0.00339196
4.615e-05, 0.00540201
4.62e-05, 0.00389447
4.625e-05, 0.00175879
4.63e-05, 0.000753769
4.6349999999999995e-05, 0.00113065
4.6399999999999996e-05, -0.000376884
4.645e-05, 0.00188442
4.65e-05, 0.00125628
4.655e-05, -0.000376884
4.66e-05, -0.00201005
4.6649999999999996e-05, -0.00188442
4.67e-05, 0.000753769
4.675e-05, -0.000753769
4.68e-05, 0.0
4.685e-05, 0.000502513
4.6899999999999995e-05, 0.000753769
4.6949999999999996e-05, -0.00113065
4.7e-05, 0.000628141
4.705e-05, 0.00125628
4.71e-05, 0.00263819
4.715e-05, -0.000251256
4.7199999999999995e-05, 0.00226131
4.7249999999999997e-05, 0.00113065
4.73e-05, 0.00276382
4.735e-05, 0.000251256
4.74e-05, 0.000628141
4.7449999999999995e-05, 0.00150754
4.7499999999999996e-05, -0.00125628
4.755e-05, -0.00138191
4.76e-05, 0.000879397
4.765e-05, -0.000879397
4.77e-05, -0.000879397
4.7749999999999995e-05, -0.00113065
4.7799999999999996e-05, 0.00100503
4.785e-05, 0.000251256
4.79e-05, 0.000376884
4.795e-05, 0.0
4.8e-05, 0.00263819
4.8049999999999996e-05, 0.00339196
4.81e-05, 0.00188442
4.815e-05, 0.00138191
4.82e-05, 0.00150754
4.825e-05, 0.0
4.8299999999999995e-05, 0.00163317
4.8349999999999996e-05, 0.000753769
4.84e-05, -0.00251256
4.845e-05, -0.00276382
4.85e-05, -0.000251256
4.855e-05, -0.000125628
4.8599999999999995e-05, 0.000125628
4.865e-05, 0.00138191
4.87e-05, 0.00163317
4.875e-05, -0.000753769
4.88e-05, 0.0
4.8849999999999995e-05, 0.00263819
4.8899999999999996e-05, 0.00188442
4.895e-05, 0.00452261
4.9e-05, 0.00201005
4.905e-05, 0.00213568
4.91e-05, 0.00213568
4.9149999999999995e-05, 0.000628141
4.9199999999999997e-05, -0.000376884
4.925e-05, -0.000879397
4.93e-05, -0.000376884
4.935e-05, -0.00113065
4.9399999999999995e-05, 0.000376884
4.9449999999999996e-05, -0.00100503
4.95e-05, -0.00150754
4.955e-05, -0.000125628
4.96e-05, -0.00326633
4.965e-05, -0.00113065
4.9699999999999995e-05, -0.000125628
4.9749999999999996e-05, 0.000376884
4.98e-05, 0.00238693
4.985e-05, 0.00301508
4.99e-05, 0.00100503
4.9949999999999994e-05, 0.000376884
4.9999999999999996e-05, -0.00226131
5.005e-05, -0.00100503
5.01e-05, 0.000879397
5.015e-05, 0.000125628
5.02e-05, -0.000251256
5.0249999999999995e-05, -0.000251256
5.0299999999999996e-05, 0.00138191
5.035e-05, 0.00238693
5.04e-05, -0.000753769
5.045e-05, -0.000753769
5.05e-05, 0.000376884
5.0549999999999995e-05, 0.00213568
5.06e-05, 0.00238693
5.065e-05, -0.000753769
5.07e-05, -0.000753769
5.075e-05, 0.00138191
5.0799999999999995e-05, 0.0
5.0849999999999996e-05, -0.00213568
5.09e-05, 0.00188442
5.095e-05, -0.000753769
5.1e-05, 0.000251256
5.105e-05, 0.00263819
5.1099999999999995e-05, 0.00125628
5.1149999999999996e-05, 0.00113065
5.12e-05, 0.00301508
5.125e-05, 0.0031407
5.13e-05, 0.00251256
5.1349999999999995e-05, 0.00301508
5.1399999999999996e-05, 0.00100503
5.145e-05, 0.000502513
5.15e-05, 0.00201005
5.155e-05, 0.00150754
5.16e-05, -0.00113065
5.1649999999999995e-05, -0.000376884
5.1699999999999996e-05, 0.00238693
5.175e-05, -0.000376884
5.18e-05, 0.000753769
5.185e-05, 0.00125628
5.1899999999999994e-05, 0.00100503
5.1949999999999996e-05, -0.000879397
5.2e-05, 0.00213568
5.205e-05, 0.00251256
5.21e-05, 0.00188442
5.215e-05, 0.000376884
5.2199999999999995e-05, 0.00276382
5.2249999999999996e-05, 0.00150754
5.23e-05, 0.00163317
5.235e-05, 0.00150754
5.24e-05, 0.00263819
5.245e-05, 0.00276382
5.2499999999999995e-05, 0.00125628
5.255e-05, 0.000376884
5.26e-05, 0.000628141
5.265e-05, -0.000753769
5.27e-05, 0.00213568
5.2749999999999995e-05, 0.000125628
5.2799999999999996e-05, -0.000376884
5.285e-05, 0.00251256
5.29e-05, 0.00389447
5.295e-05, 0.00276382
5.3e-05, 0.00113065
5.3049999999999995e-05, 0.00213568
5.3099999999999996e-05, 0.00163317
5.315e-05, 0.00100503
5.32e-05, 0.000251256
5.325e-05, 0.00326633
5.3299999999999995e-05, 0.00301508
5.3349999999999996e-05, 0.00226131
5.34e-05, 0.00301508
5.345e-05, 0.000753769
5.35e-05, 0.00113065
5.355e-05, 0.0031407
5.3599999999999995e-05, 0.00288945
5.3649999999999996e-05, 0.00238693
5.37e-05, 0.00238693
5.375e-05, -0.000376884
5.38e-05, -0.000879397
5.3849999999999994e-05, 0.000251256
5.3899999999999996e-05, 0.00113065
5.395e-05, 0.0
5.4e-05, -0.00125628
5.405e-05, 0.000502513
5.41e-05, 0.00188442
5.4149999999999995e-05, -0.000376884
5.4199999999999996e-05, -0.00188442
5.425e-05, -0.000125628
5.43e-05, -0.000879397
5.435e-05, -0.00163317
5.4399999999999994e-05, -0.00201005
5.4449999999999995e-05, -0.00113065
5.4499999999999997e-05, -0.00113065
5.455e-05, -0.00238693
5.46e-05, 0.000125628
5.465e-05, -0.000125628
5.4699999999999995e-05, 0.000628141
5.4749999999999996e-05, 0.00138191
5.48e-05, 0.00150754
5.485e-05, 0.00163317
5.49e-05, 0.000251256
5.495e-05, 0.00100503
5.4999999999999995e-05, 0.00301508
5.5049999999999996e-05, 0.00100503
5.51e-05, 0.00213568
5.515e-05, 0.000251256
5.52e-05, 0.00389447
5.5249999999999994e-05, 0.00364322
5.5299999999999996e-05, 0.00163317
5.535e-05, 0.0031407
5.54e-05, 0.00113065
5.545e-05, 0.00175879
5.55e-05, 0.00163317
5.5549999999999995e-05, 0.000502513
5.5599999999999996e-05, 0.00251256
5.565e-05, 0.00163317
5.57e-05, 0.00138191
5.575e-05, 0.00201005
5.5799999999999994e-05, 0.00175879
5.5849999999999996e-05, 0.00339196
5.59e-05, 0.00150754
5.595e-05, 0.00138191
5.6e-05, 0.00163317
5.605e-05, 0.000376884
5.6099999999999995e-05, 0.00238693
5.6149999999999996e-05, 0.00552764
5.62e-05, 0.0071608
5.625e-05, 0.00376884
5.63e-05, 0.00364322
5.6349999999999994e-05, 0.000753769
5.6399999999999995e-05, -0.00414573
5.6449999999999997e-05, -0.00753769
5.65e-05, -0.00816583
5.655e-05, -0.00942211
5.66e-05, -0.00527638
5.6649999999999995e-05, -0.00251256
5.6699999999999996e-05, -0.000125628
5.675e-05, 0.00201005
5.68e-05, 0.00640704
5.685e-05, 0.009799
5.69e-05, 0.00577889
5.6949999999999995e-05, 0.00942211
5.6999999999999996e-05, 0.0113065
5.705e-05, 0.00917085
5.71e-05, 0.00678392
5.715e-05, 0.00414573
5.7199999999999994e-05, 0.000879397
5.7249999999999996e-05, -0.0031407
5.73e-05, -0.00929648
5.735e-05, -0.0139447
5.74e-05, -0.0189698
5.745e-05, -0.0188442
5.7499999999999995e-05, -0.0140704
5.7549999999999996e-05, -0.00967337
5.76e-05, -0.00753769
5.765e-05, -0.00175879
5.77e-05, 0.00188442
5.7749999999999994e-05, 0.00565327
5.7799999999999995e-05, 0.0110553
5.785e-05, 0.0149497
5.79e-05, 0.0187186
5.795e-05, 0.0212312
5.8e-05, 0.0224874
5.8049999999999995e-05, 0.0199749
5.8099999999999996e-05, 0.0134422
5.815e-05, 0.00816583
5.82e-05, 0.00477387
5.825e-05, -0.00477387
5.8299999999999994e-05, -0.00678392
5.8349999999999995e-05, -0.00992462
5.8399999999999997e-05, -0.0110553
5.845e-05, -0.0121859
5.85e-05, -0.0115578
5.855e-05, -0.00967337
5.8599999999999995e-05, -0.0100503
5.8649999999999996e-05, -0.00565327
5.87e-05, -0.00113065
5.875e-05, 0.00213568
5.88e-05, 0.00427136
5.885e-05, 0.00703518
5.8899999999999995e-05, 0.00628141
5.8949999999999996e-05, 0.00766332
5.9e-05, 0.00942211
5.905e-05, 0.00628141
5.91e-05, 0.00427136
5.9149999999999994e-05, 0.00276382
5.9199999999999996e-05, 0.000502513
5.925e-05, -0.00226131
5.93e-05, -0.00464824
5.935e-05, -0.00728643
5.94e-05, -0.0129397
5.9449999999999995e-05, -0.0114322
5.9499999999999996e-05, -0.0125628
5.955e-05, -0.0103015
5.96e-05, -0.00879397
5.965e-05, -0.00653266
5.9699999999999994e-05, -0.00628141
5.9749999999999995e-05, -0.00276382
5.98e-05, 0.000251256
5.985e-05, 0.00276382
5.99e-05, 0.00728643
5.995e-05, 0.00879397
5.9999999999999995e-05, 0.0100503
6.0049999999999996e-05, 0.0106784
6.01e-05, 0.0103015
6.015e-05, 0.00992462
6.02e-05, 0.00917085
6.0249999999999994e-05, 0.00854271
6.0299999999999995e-05, 0.00590452
6.0349999999999996e-05, -0.000502513
6.04e-05, 0.000753769
6.045e-05, -0.000502513
6.05e-05, -0.00251256
6.0549999999999995e-05, -0.00577889
6.0599999999999996e-05, -0.00678392
6.065e-05, -0.00577889
6.07e-05, -0.00552764
6.075e-05, -0.00364322
6.08e-05, -0.00603015
6.0849999999999995e-05, 0.000502513
6.0899999999999996e-05, 0.00100503
6.095e-05, 0.00339196
6.1e-05, 0.00464824
6.104999999999999e-05, 0.0048995
6.11e-05, 0.00741206
6.115e-05, 0.00954774
6.12e-05, 0.00615578
6.125e-05, 0.00364322
6.13e-05, 0.00226131
6.135e-05, 0.00201005
6.14e-05, -0.00175879
6.145e-05, -0.000753769
6.149999999999999e-05, -0.000251256
6.154999999999999e-05, -0.00175879
6.159999999999999e-05, -0.000125628
6.165e-05, 0.0
6.17e-05, -0.000502513
6.175e-05, -0.00276382
6.18e-05, -0.00125628
6.185e-05, -0.000125628
6.19e-05, -0.00150754
6.195e-05, 0.00163317
6.2e-05, -0.000502513
6.205e-05, -0.00188442
6.209999999999999e-05, -0.00150754
6.214999999999999e-05, -0.00175879
6.22e-05, -0.00100503
6.225e-05, -0.00288945
6.23e-05, -0.000753769
6.235e-05, -0.00163317
6.24e-05, 0.000502513
6.245e-05, -0.00138191
6.25e-05, -0.000502513
6.255e-05, 0.000502513
6.26e-05, -0.000879397
6.264999999999999e-05, 0.00175879
6.269999999999999e-05, 0.0
6.275e-05, 0.00125628
6.28e-05, 0.00339196
6.285e-05, 0.00427136
6.29e-05, 0.00138191
6.295e-05, 0.0040201
6.3e-05, 0.00288945
6.305e-05, 0.00502513
6.31e-05, 0.00288945
6.315e-05, 0.0031407
6.319999999999999e-05, 0.00414573
6.324999999999999e-05, 0.0031407
6.33e-05, 0.00213568
6.335e-05, 0.000125628
6.34e-05, 0.00175879
6.345e-05, -0.000251256
6.35e-05, -0.000376884
6.355e-05, 0.000376884
6.36e-05, 0.00288945
6.365e-05, 0.00150754
6.37e-05, 0.000753769
6.374999999999999e-05, 0.00226131
6.379999999999999e-05, 0.00339196
6.385e-05, 0.00150754
6.39e-05, -0.000376884
6.395e-05, 0.00175879
6.4e-05, 0.00188442
6.405e-05, 0.00263819
6.41e-05, -0.000628141
6.415e-05, 0.000879397
6.42e-05, -0.00113065
6.425e-05, -0.000628141
6.429999999999999e-05, -0.00163317
6.434999999999999e-05, 0.00175879
6.44e-05, 0.00125628
6.445e-05, 0.000502513
6.45e-05, -0.00113065
6.455e-05, 0.00376884
6.46e-05, 0.0031407
6.465e-05, 0.00238693
6.47e-05, 0.0040201
6.475e-05, 0.00339196
6.48e-05, 0.000879397
6.484999999999999e-05, 0.00138191
6.489999999999999e-05, 0.00326633
6.494999999999999e-05, 0.00339196
6.5e-05, 0.00100503
6.505e-05, 0.00138191
6.51e-05, 0.000376884
6.515e-05, 0.00163317
6.52e-05, 0.00213568
6.525e-05, 0.00150754
6.53e-05, 0.00113065
6.535e-05, -0.000125628
6.539999999999999e-05, -0.000251256
6.544999999999999e-05, -0.00364322
6.549999999999999e-05, -0.00226131
6.555e-05, -0.000251256
6.56e-05, -0.0031407
6.565e-05, 0.000125628
6.57e-05, -0.00113065
6.575e-05, -0.00163317
6.58e-05, -0.000251256
6.585e-05, -0.00251256
6.59e-05, 0.000251256
6.594999999999999e-05, -0.00125628
6.599999999999999e-05, 0.00263819
6.604999999999999e-05, 0.000376884
6.61e-05, -0.00213568
6.615e-05, 0.000502513
6.62e-05, 0.00175879
6.625e-05, -0.000251256
6.63e-05, -0.000251256
6.635e-05, -0.000125628
6.64e-05, -0.00213568
6.645e-05, 0.000628141
6.65e-05, 0.000879397
6.654999999999999e-05, -0.00113065
6.659999999999999e-05, 0.00100503
6.665e-05, 0.00138191
6.67e-05, 0.00113065
6.675e-05, 0.00263819
6.68e-05, 0.00175879
6.685e-05, 0.00175879
6.69e-05, -0.00113065
6.695e-05, 0.00188442
6.7e-05, 0.00175879
6.705e-05, 0.00339196
6.709999999999999e-05, 0.00263819
6.714999999999999e-05, 0.00138191
6.72e-05, 0.000879397
6.725e-05, 0.000251256
6.73e-05, 0.00100503
6.735e-05, 0.000376884
6.74e-05, -0.000251256
6.745e-05, 0.000753769
6.75e-05, 0.00125628
6.755e-05, 0.00213568
6.76e-05, 0.00125628
6.764999999999999e-05, 0.00125628
6.769999999999999e-05, 0.00100503
6.775e-05, 0.00326633
6.78e-05, -0.000251256
6.785e-05, -0.00263819
6.79e-05, 0.000753769
6.795e-05, 0.00427136
6.8e-05, 0.00326633
6.805e-05, 0.00188442
6.81e-05, 0.00226131
6.815e-05, 0.00201005
6.819999999999999e-05, -0.000879397
6.824999999999999e-05, 0.00138191
6.829999999999999e-05, -0.000502513
6.835e-05, 0.000125628
6.84e-05, 0.00113065
6.845e-05, 0.000753769
6.85e-05, -0.000753769
6.855e-05, -0.00175879
6.86e-05, -0.000251256
6.865e-05, -0.00113065
6.87e-05, -0.00201005
6.874999999999999e-05, -0.00150754
6.879999999999999e-05, 0.00175879
6.884999999999999e-05, 0.00175879
6.89e-05, 0.00238693
6.895e-05, 0.000628141
6.9e-05, 0.0
6.905e-05, 0.00238693
6.91e-05, 0.00276382
6.915e-05, 0.000628141
6.92e-05, 0.000251256
6.925e-05, -0.000251256
6.929999999999999e-05, 0.00175879
6.934999999999999e-05, 0.000879397
6.939999999999999e-05, -0.00138191
6.945e-05, -0.00276382
6.95e-05, -0.00138191
6.955e-05, -0.00188442
6.96e-05, -0.000628141
6.965e-05, 0.00163317
6.97e-05, 0.00100503
6.975e-05, 0.00113065
6.98e-05, -0.00113065
6.984999999999999e-05, 0.00125628
6.989999999999999e-05, -0.00150754
6.994999999999999e-05, 0.0
7e-05, 0.00100503
7.005e-05, 0.000753769
7.01e-05, 0.00201005
7.015e-05, 0.000628141
7.02e-05, 0.00301508
7.025e-05, 0.00100503
7.03e-05, 0.00238693
7.035e-05, 0.00238693
7.04e-05, 0.00113065
7.044999999999999e-05, 0.000879397
7.049999999999999e-05, 0.00364322
7.055e-05, 0.00201005
7.06e-05, 0.00188442
7.065e-05, 0.00351759
7.07e-05, 0.00125628
7.075e-05, 0.00427136
7.08e-05, 0.00163317
7.085e-05, 0.000502513
7.09e-05, 0.000251256
7.095e-05, 0.0
7.099999999999999e-05, 0.000753769
7.104999999999999e-05, 0.0
7.11e-05, 0.00276382
7.115e-05, 0.000753769
7.12e-05, -0.000251256
7.125e-05, 0.000376884
7.13e-05, 0.00113065
7.135e-05, 0.000879397
7.14e-05, 0.000628141
7.145e-05, 0.000628141
7.15e-05, 0.00238693
7.154999999999999e-05, 0.00226131
7.159999999999999e-05, 0.00288945
7.165e-05, 0.00201005
7.17e-05, 0.00326633
7.175e-05, 0.00163317
7.18e-05, 0.000376884
7.185e-05, 0.000125628
7.19e-05, -0.000251256
7.195e-05, -0.00113065
7.2e-05, -0.00150754
7.205e-05, 0.00163317
7.209999999999999e-05, 0.00113065
7.214999999999999e-05, -0.000125628
7.219999999999999e-05, 0.00339196
7.225e-05, -0.000251256
7.23e-05, -0.000502513
7.235e-05, -0.000376884
7.24e-05, 0.000502513
7.245e-05, -0.00175879
7.25e-05, -0.00226131
7.255e-05, 0.000376884
7.26e-05, 0.00113065
7.264999999999999e-05, 0.0
7.269999999999999e-05, 0.00150754
7.274999999999999e-05, 0.00439698
7.28e-05, 0.0031407
7.285e-05, 0.00414573
7.29e-05, 0.00276382
7.295e-05, 0.00213568
7.3e-05, 0.00201005
7.305e-05, 0.00288945
7.31e-05, -0.000502513
7.315e-05, -0.00138191
7.319999999999999e-05, -0.00351759
7.324999999999999e-05, -0.00125628
7.329999999999999e-05, -0.000376884
7.335e-05, 0.00163317
7.34e-05, 0.000502513
7.345e-05, 0.00226131
7.35e-05, 0.00201005
7.355e-05, 0.000879397
7.36e-05, 0.000879397
7.365e-05, 0.0
7.37e-05, 0.00138191
7.374999999999999e-05, 0.00175879
7.379999999999999e-05, 0.00226131
7.384999999999999e-05, 0.000628141
7.39e-05, 0.0031407
7.395e-05, 0.000502513
7.4e-05, -0.000251256
7.405e-05, -0.000502513
7.41e-05, 0.000753769
7.415e-05, 0.0
7.42e-05, 0.00125628
7.425e-05, -0.00150754
7.429999999999999e-05, -0.00125628
7.434999999999999e-05, -0.000628141
7.439999999999999e-05, -0.000628141
7.445e-05, 0.00125628
7.45e-05, 0.000125628
7.455e-05, -0.000879397
7.46e-05, -0.00100503
7.465e-05, 0.00150754
7.47e-05, 0.00351759
7.475e-05, 0.0031407
7.48e-05, 0.00238693
7.485e-05, 0.00201005
7.489999999999999e-05, 0.000628141
7.494999999999999e-05, 0.00125628
7.5e-05, 0.00150754
7.505e-05, 0.000628141
7.51e-05, -0.00113065
7.515e-05, 0.00125628
7.52e-05, 0.000628141
7.525e-05, 0.00251256
7.53e-05, -0.000376884
7.535e-05, 0.0
7.54e-05, -0.00100503
7.544999999999999e-05, 0.00201005
7.549999999999999e-05, 0.00113065
7.555e-05, 0.000376884
7.56e-05, -0.000125628
7.565e-05, 0.0
7.57e-05, 0.00414573
7.575e-05, 0.00188442
7.58e-05, 0.00238693
7.585e-05, 0.00326633
7.59e-05, 0.00238693
7.595e-05, 0.00276382
7.599999999999999e-05, 0.00276382
7.604999999999999e-05, -0.00113065
7.609999999999999e-05, 0.00226131
7.615e-05, 0.00175879
7.62e-05, 0.00113065
7.625e-05, 0.000753769
7.63e-05, 0.000879397
7.635e-05, 0.00188442
7.64e-05, 0.00226131
7.645e-05, 0.00188442
7.65e-05, 0.00326633
7.654999999999999e-05, 0.00213568
7.659999999999999e-05, 0.00125628
7.664999999999999e-05, -0.000628141
7.67e-05, 0.00213568
7.675e-05, 0.00175879
7.68e-05, 0.00201005
7.685e-05, 0.000125628
7.69e-05, 0.000879397
7.695e-05, 0.0031407
7.7e-05, 0.00301508
7.705e-05, 0.00452261
7.709999999999999e-05, 0.00351759
7.714999999999999e-05, 0.00201005
7.719999999999999e-05, 0.00213568
7.725e-05, 0.00376884
7.73e-05, 0.00201005
7.735e-05, -0.00150754
7.74e-05, -0.000753769
7.745e-05, -0.00113065
7.75e-05, -0.000879397
7.755e-05, -0.00150754
7.76e-05, -0.000502513
7.764999999999999e-05, -0.000628141
7.769999999999999e-05, 0.000376884
7.774999999999999e-05, 0.000125628
7.78e-05, 0.00301508
7.785e-05, 0.00175879
7.79e-05, 0.000125628
7.795e-05, 0.00251256
7.8e-05, 0.00376884
7.805e-05, -0.000753769
7.81e-05, 0.00213568
7.815e-05, 0.000502513
7.819999999999999e-05, 0.000376884
7.824999999999999e-05, 0.000125628
7.829999999999999e-05, 0.00150754
7.835e-05, 0.000628141
7.84e-05, 0.000251256
7.845e-05, 0.00125628
7.85e-05, -0.00113065
7.855e-05, 0.00175879
7.86e-05, 0.00301508
7.865e-05, 0.00213568
7.87e-05, 0.00163317
7.874999999999999e-05, 0.00339196
7.879999999999999e-05, 0.00188442
7.884999999999999e-05, 0.0031407
7.89e-05, 0.00263819
7.895e-05, -0.000251256
7.9e-05, -0.000125628
7.905e-05, -0.000502513
7.91e-05, -0.000502513
7.915e-05, -0.0048995
7.92e-05, -0.00150754
7.925e-05, -0.00201005
7.93e-05, -0.00301508
7.934999999999999e-05, 0.00163317
7.939999999999999e-05, -0.00150754
7.944999999999999e-05, 0.000251256
7.95e-05, 0.000251256
7.955e-05, 0.00226131
7.96e-05, 0.00301508
7.965e-05, 0.00540201
7.97e-05, 0.00414573
7.975e-05, 0.00628141
7.98e-05, 0.0048995
7.985e-05, 0.00477387
7.989999999999999e-05, 0.00339196
7.994999999999999e-05, 0.00238693
7.999999999999999e-05, -0.000753769
8.005e-05, -0.00163317
8.01e-05, -0.00263819
8.015e-05, -0.0031407
8.02e-05, -0.00540201
8.025e-05, -0.00502513
8.03e-05, -0.00502513
8.035e-05, -0.00427136
8.04e-05, -0.00188442
8.044999999999999e-05, 0.00113065
8.049999999999999e-05, 0.00552764
8.054999999999999e-05, 0.00866834
8.06e-05, 0.00866834
8.065e-05, 0.00665829
8.07e-05, 0.0089196
8.075e-05, 0.00929648
8.08e-05, 0.00678392
8.085e-05, 0.00376884
8.09e-05, 0.00339196
8.095e-05, 0.00288945
8.099999999999999e-05, 0.000628141
8.104999999999999e-05, -0.00150754
8.109999999999999e-05, -0.00376884
8.115e-05, -0.0040201
8.12e-05, -0.00389447
8.125e-05, -0.00653266
8.13e-05, -0.00728643
8.135e-05, -0.00741206
8.14e-05, -0.00452261
8.145e-05, -0.00439698
8.15e-05, -0.00175879
8.154999999999999e-05, 0.00213568
8.159999999999999e-05, 0.00125628
8.164999999999999e-05, 0.00552764
8.17e-05, 0.00477387
8.175e-05, 0.00376884
8.18e-05, 0.00577889
8.185e-05, 0.0040201
8.19e-05, 0.00414573
8.195e-05, 0.00439698
8.2e-05, 0.00113065
8.205e-05, -0.000879397
8.209999999999999e-05, -0.00201005
8.214999999999999e-05, -0.00238693
8.219999999999999e-05, -0.0031407
8.225e-05, -0.00339196
8.23e-05, -0.00251256
8.235e-05, -0.00427136
8.24e-05, -0.00188442
8.245e-05, 0.0
8.25e-05, 0.000879397
8.255e-05, 0.000251256
8.26e-05, 0.00339196
8.264999999999999e-05, 0.00301508
8.269999999999999e-05, 0.00351759
8.274999999999999e-05, 0.00138191
8.28e-05, 0.00226131
8.285e-05, 0.00389447
8.29e-05, 0.00213568
8.295e-05, 0.0
8.3e-05, 0.00163317
8.305e-05, 0.000125628
8.31e-05, -0.00175879
8.315e-05, -0.000376884
8.319999999999999e-05, -0.00163317
8.324999999999999e-05, -0.00113065
8.329999999999999e-05, -0.00301508
8.334999999999999e-05, 0.000125628
8.34e-05, -0.000502513
8.345e-05, 0.000502513
8.35e-05, 0.00138191
8.355e-05, 0.0
8.36e-05, 0.00351759
8.365e-05, 0.00477387
8.37e-05, 0.00439698
8.375e-05, 0.00376884
8.379999999999999e-05, 0.00640704
8.384999999999999e-05, 0.00263819
8.389999999999999e-05, 0.000753769
8.395e-05, 0.0
8.4e-05, 0.00100503
8.405e-05, 0.0
8.41e-05, -0.00213568
8.415e-05, -0.00376884
8.42e-05, -0.00502513
8.425e-05, -0.00263819
8.43e-05, -0.00138191
8.434999999999999e-05, -0.00464824
8.439999999999999e-05, -0.00364322
8.444999999999999e-05, -0.00163317
8.45e-05, -0.00163317
8.455e-05, 0.00201005
8.46e-05, 0.0
8.465e-05, 0.00213568
8.47e-05, 0.00175879
8.475e-05, 0.00376884
8.48e-05, 0.00301508
8.485e-05, 0.00577889
8.489999999999999e-05, 0.00351759
8.494999999999999e-05, 0.00326633
8.499999999999999e-05, 0.00150754
8.505e-05, -0.000376884
8.51e-05, -0.00251256
8.515e-05, -0.000753769
8.52e-05, -0.00125628
8.525e-05, -0.00414573
8.53e-05, -0.00427136
8.535e-05, -0.00188442
8.54e-05, -0.00213568
8.544999999999999e-05, -0.000251256
8.549999999999999e-05, 0.000251256
8.554999999999999e-05, -0.00138191
8.56e-05, 0.00113065
8.565e-05, 0.00125628
8.57e-05, 0.00364322
8.575e-05, 0.00351759
8.58e-05, 0.00301508
8.585e-05, 0.00376884
8.59e-05, 0.00389447
8.595e-05, 0.00226131
8.599999999999999e-05, 0.00138191
8.604999999999999e-05, 0.00138191
8.609999999999999e-05, 0.00263819
8.615e-05, 0.00100503
8.62e-05, 0.0040201
8.625e-05, 0.00213568
8.63e-05, 0.00125628
8.635e-05, 0.00226131
8.64e-05, 0.00175879
8.645e-05, 0.00326633
8.65e-05, 0.00238693
8.654999999999999e-05, -0.000502513
8.659999999999999e-05, 0.00138191
8.664999999999999e-05, 0.00175879
8.669999999999999e-05, -0.000376884
8.675e-05, -0.000502513
8.68e-05, 0.00201005
8.685e-05, -0.000879397
8.69e-05, -0.000502513
8.695e-05, 0.00125628
8.7e-05, -0.000125628
8.705e-05, -0.000376884
8.709999999999999e-05, -0.000251256
8.714999999999999e-05, 0.00125628
8.719999999999999e-05, 0.00201005
8.724999999999999e-05, -0.00138191
8.73e-05, -0.00138191
8.735e-05, -0.00113065
8.74e-05, 0.000753769
8.745e-05, 0.000376884
8.75e-05, 0.00100503
8.755e-05, 0.000879397
8.76e-05, -0.00113065
8.765e-05, -0.000502513
8.769999999999999e-05, -0.00100503
8.774999999999999e-05, -0.00138191
8.779999999999999e-05, 0.00163317
8.785e-05, 0.00100503
8.79e-05, -0.000251256
8.795e-05, -0.000502513
8.8e-05, 0.00238693
8.805e-05, 0.00226131
8.81e-05, 0.000502513
8.815e-05, 0.000125628
8.82e-05, -0.000879397
8.824999999999999e-05, -0.00100503
8.829999999999999e-05, -0.00150754
8.834999999999999e-05, -0.00238693
8.84e-05, 0.00150754
8.845e-05, 0.000376884
8.85e-05, 0.00188442
8.855e-05, 0.000879397
8.86e-05, 0.00351759
8.865e-05, 0.00125628
8.87e-05, 0.00188442
8.875e-05, 0.000753769
8.879999999999999e-05, 0.00138191
8.884999999999999e-05, 0.00163317
8.889999999999999e-05, 0.00175879
8.895e-05, 0.000125628
8.9e-05, 0.00301508
8.905e-05, 0.000753769
8.91e-05, -0.00238693
8.915e-05, -0.000376884
8.92e-05, -0.000502513
8.925e-05, -0.000628141
8.93e-05, 0.00100503
8.934999999999999e-05, -0.000251256
8.939999999999999e-05, 0.00163317
8.944999999999999e-05, 0.00163317
8.95e-05, 0.00251256
8.955e-05, 0.00125628
8.96e-05, 0.00150754
8.965e-05, 0.00150754
8.97e-05, 0.00150754
8.975e-05, 0.00113065
8.98e-05, 0.0031407
8.985e-05, 0.00150754
8.989999999999999e-05, 0.000251256
8.994999999999999e-05, -0.000125628
8.999999999999999e-05, -0.00238693
9.005e-05, 0.000753769
9.01e-05, -0.00125628
9.015e-05, -0.000879397
9.02e-05, -0.000125628
9.025e-05, 0.00351759
9.03e-05, 0.00175879
9.035e-05, 0.000251256
9.04e-05, -0.00113065
9.044999999999999e-05, 0.000753769
9.049999999999999e-05, 0.00100503
9.054999999999999e-05, 0.000628141
9.059999999999999e-05, 0.00163317
9.065e-05, -0.000125628
9.07e-05, 0.00163317
9.075e-05, -0.000502513
9.08e-05, 0.00238693
9.085e-05, -0.000251256
9.09e-05, 0.000879397
9.095e-05, 0.00125628
9.099999999999999e-05, -0.000376884
9.104999999999999e-05, 0.000125628
9.109999999999999e-05, 0.000753769
9.114999999999999e-05, -0.000125628
9.12e-05, 0.0
9.125e-05, -0.00226131
9.13e-05, -0.000502513
9.135e-05, -0.000251256
9.14e-05, 0.00113065
9.145e-05, 0.0031407
9.15e-05, 0.000879397
9.154999999999999e-05, 0.00251256
9.159999999999999e-05, 0.00201005
9.164999999999999e-05, 0.00288945
9.169999999999999e-05, 0.000753769
9.175e-05, 0.00113065
9.18e-05, 0.0031407
9.185e-05, 0.00251256
9.19e-05, 0.00163317
9.195e-05, 0.000376884
9.2e-05, 0.000879397
9.205e-05, 0.00100503
9.21e-05, 0.00125628
9.214999999999999e-05, 0.000502513
9.219999999999999e-05, -0.000879397
9.224999999999999e-05, 0.000502513
9.23e-05, 0.00100503
9.235e-05, -0.000251256
9.24e-05, 0.000125628
9.245e-05, 0.00100503
9.25e-05, 0.000502513
9.255e-05, 0.00100503
9.26e-05, 0.00163317
9.265e-05, 0.00163317
9.269999999999999e-05, 0.00175879
9.274999999999999e-05, 0.000879397
9.279999999999999e-05, 0.0031407
9.285e-05, 0.00213568
9.29e-05, 0.00100503
9.295e-05, 0.00301508
9.3e-05, 0.00201005
9.305e-05, 0.00263819
9.31e-05, 0.00263819
9.315e-05, 0.00326633
9.32e-05, 0.00163317
9.324999999999999e-05, -0.000251256
9.329999999999999e-05, 0.00125628
9.334999999999999e-05, 0.000879397
9.34e-05, 0.000251256
9.345e-05, 0.00188442
9.35e-05, 0.000753769
9.355e-05, 0.00113065
9.36e-05, -0.000376884
9.365e-05, 0.000251256
9.37e-05, -0.000125628
9.375e-05, -0.00113065
9.379999999999999e-05, 0.000502513
9.384999999999999e-05, -0.000753769
9.389999999999999e-05, -0.0031407
9.395e-05, -0.000125628
9.4e-05, -0.000753769
9.405e-05, 0.000125628
9.41e-05, 0.00188442
9.415e-05, 0.000376884
9.42e-05, 0.000251256
9.425e-05, 0.000376884
9.43e-05, 0.00175879
9.434999999999999e-05, 0.00201005
9.439999999999999e-05, 0.00263819
9.444999999999999e-05, 0.0
9.449999999999999e-05, 0.00138191
9.455e-05, 0.000753769
9.46e-05, 0.000125628
9.465e-05, -0.00276382
9.47e-05, -0.00364322
9.475e-05, -0.00100503
9.48e-05, -0.00201005
9.485e-05, -0.00339196
9.489999999999999e-05, -0.00251256
9.494999999999999e-05, 0.00113065
9.499999999999999e-05, -0.00100503
9.504999999999999e-05, -0.00113065
9.51e-05, 0.00150754
9.515e-05, 0.00226131
9.52e-05, 0.00263819
9.525e-05, 0.00351759
9.53e-05, 0.00163317
9.535e-05, 0.000125628
9.54e-05, 0.00163317
9.544999999999999e-05, -0.00163317
9.549999999999999e-05, 0.00351759
9.554999999999999e-05, 0.000753769
9.559999999999999e-05, -0.000251256
9.565e-05, 0.000251256
9.57e-05, -0.000628141
9.575e-05, 0.000376884
9.58e-05, 0.000502513
9.585e-05, -0.000879397
9.59e-05, -0.000251256
9.595e-05, -0.000628141
9.6e-05, 0.00113065
9.604999999999999e-05, 0.0
9.609999999999999e-05, 0.000376884
9.614999999999999e-05, 0.00175879
9.62e-05, 0.00100503
9.625e-05, -0.000251256
9.63e-05, 0.000251256
9.635e-05, -0.00138191
9.64e-05, 0.00150754
9.645e-05, 0.000753769
9.65e-05, 0.000376884
9.655e-05, 0.00201005
9.659999999999999e-05, 0.0
9.664999999999999e-05, 0.00288945
9.669999999999999e-05, 0.00201005
9.675e-05, 0.00326633
9.68e-05, 0.000628141
9.685e-05, 0.00213568
9.69e-05, 0.00213568
9.695e-05, -0.000251256
9.7e-05, 0.0
9.705e-05, -0.000376884
9.71e-05, 0.00351759
9.714999999999999e-05, 0.00113065
9.719999999999999e-05, 0.000502513
9.724999999999999e-05, 0.00238693
9.73e-05, 0.00288945
9.735e-05, 0.00288945
9.74e-05, 0.000628141
9.745e-05, 0.000753769
9.75e-05, 0.00113065
9.755e-05, -0.00113065
9.76e-05, -0.00188442
9.765e-05, -0.000251256
9.769999999999999e-05, -0.00100503
9.774999999999999e-05, 0.00100503
9.779999999999999e-05, 0.000251256
9.784999999999999e-05, -0.000502513
9.79e-05, 0.0
9.795e-05, -0.000251256
9.8e-05, -0.000125628
9.805e-05, -0.00201005
9.81e-05, 0.000628141
9.815e-05, -0.00113065
9.82e-05, 0.00238693
9.824999999999999e-05, -0.00201005
9.829999999999999e-05, 0.000879397
9.834999999999999e-05, 0.00188442
9.839999999999999e-05, 0.00201005
9.845e-05, 0.00125628
9.85e-05, 0.00100503
9.855e-05, 0.00100503
9.86e-05, 0.00138191
9.865e-05, 0.000502513
9.87e-05, -0.000251256
9.875e-05, 0.00251256
9.879999999999999e-05, 0.00213568
9.884999999999999e-05, 0.00238693
9.889999999999999e-05, -0.000628141
9.894999999999999e-05, 0.00251256
9.9e-05, 0.00213568
9.905e-05, 0.00125628
9.91e-05, 0.00125628
9.915e-05, 0.000753769
9.92e-05, 0.00226131
9.925e-05, 0.000125628
9.93e-05, 0.00138191
9.934999999999999e-05, 0.00175879
9.939999999999999e-05, -0.000502513
9.944999999999999e-05, -0.00113065
9.949999999999999e-05, 0.0
9.955e-05, -0.000376884
9.96e-05, -0.00175879
9.965e-05, -0.00251256
9.97e-05, -0.00113065
9.975e-05, -0.000628141
9.98e-05, 0.000376884
9.985e-05, 0.00175879
9.989999999999999e-05, -0.000251256
9.994999999999999e-05, 0.00188442
